region,service_centre,hardship_type,quarter,grants
Auckland Metro,Pukekohe,Electricity Assistance,Mar 2023,30
Auckland Metro,Pukekohe,Electricity Assistance,Jun 2023,39
Auckland Metro,Pukekohe,Electricity Assistance,Sep 2023,69
Auckland Metro,Pukekohe,Electricity Assistance,Dec 2023,63
Auckland Metro,Pukekohe,Electricity Assistance,Mar 2024,60
Auckland Metro,Pukekohe,Electricity Assistance,Jun 2024,54
Auckland Metro,Pukekohe,Electricity Assistance,Sep 2024,84
Auckland Metro,Pukekohe,Electricity Assistance,Dec 2024,54
Auckland Metro,Pukekohe,Electricity Assistance,Mar 2025,45
Auckland Metro,Pukekohe,Electricity Assistance,Jun 2025,54
Auckland Metro,Pukekohe,Electricity Assistance,Sep 2025,90
Auckland Metro,Pukekohe,Electricity Assistance,Dec 2025,54
Auckland Metro,Pukekohe,Electricity Assistance,Mar 2026,45
Auckland Metro,Pukekohe,Emergency Housing,Mar 2023,309
Auckland Metro,Pukekohe,Emergency Housing,Jun 2023,384
Auckland Metro,Pukekohe,Emergency Housing,Sep 2023,450
Auckland Metro,Pukekohe,Emergency Housing,Dec 2023,453
Auckland Metro,Pukekohe,Emergency Housing,Mar 2024,294
Auckland Metro,Pukekohe,Emergency Housing,Jun 2024,333
Auckland Metro,Pukekohe,Emergency Housing,Sep 2024,162
Auckland Metro,Pukekohe,Emergency Housing,Dec 2024,78
Auckland Metro,Pukekohe,Emergency Housing,Mar 2025,63
Auckland Metro,Pukekohe,Emergency Housing,Jun 2025,66
Auckland Metro,Pukekohe,Emergency Housing,Sep 2025,120
Auckland Metro,Pukekohe,Emergency Housing,Dec 2025,153
Auckland Metro,Pukekohe,Emergency Housing,Mar 2026,27
Auckland Metro,Pukekohe,Food,Mar 2023,837
Auckland Metro,Pukekohe,Food,Jun 2023,717
Auckland Metro,Pukekohe,Food,Sep 2023,861
Auckland Metro,Pukekohe,Food,Dec 2023,972
Auckland Metro,Pukekohe,Food,Mar 2024,951
Auckland Metro,Pukekohe,Food,Jun 2024,843
Auckland Metro,Pukekohe,Food,Sep 2024,738
Auckland Metro,Pukekohe,Food,Dec 2024,723
Auckland Metro,Pukekohe,Food,Mar 2025,768
Auckland Metro,Pukekohe,Food,Jun 2025,663
Auckland Metro,Pukekohe,Food,Sep 2025,702
Auckland Metro,Pukekohe,Food,Dec 2025,666
Auckland Metro,Pukekohe,Food,Mar 2026,597
Auckland Metro,Pukekohe,Gas Assistance,Mar 2023,0
Auckland Metro,Pukekohe,Gas Assistance,Jun 2023,0
Auckland Metro,Pukekohe,Gas Assistance,Sep 2023,3
Auckland Metro,Pukekohe,Gas Assistance,Dec 2023,3
Auckland Metro,Pukekohe,Gas Assistance,Mar 2024,3
Auckland Metro,Pukekohe,Gas Assistance,Jun 2024,3
Auckland Metro,Pukekohe,Gas Assistance,Sep 2024,6
Auckland Metro,Pukekohe,Gas Assistance,Dec 2024,3
Auckland Metro,Pukekohe,Gas Assistance,Mar 2025,9
Auckland Metro,Pukekohe,Gas Assistance,Jun 2025,3
Auckland Metro,Pukekohe,Gas Assistance,Sep 2025,3
Auckland Metro,Pukekohe,Gas Assistance,Dec 2025,3
Auckland Metro,Pukekohe,Gas Assistance,Mar 2026,3
Auckland Metro,Pukekohe,Stranded Travel - Petrol,Mar 2023,15
Auckland Metro,Pukekohe,Stranded Travel - Petrol,Jun 2023,3
Auckland Metro,Pukekohe,Stranded Travel - Petrol,Sep 2023,15
Auckland Metro,Pukekohe,Stranded Travel - Petrol,Dec 2023,15
Auckland Metro,Pukekohe,Stranded Travel - Petrol,Mar 2024,9
Auckland Metro,Pukekohe,Stranded Travel - Petrol,Jun 2024,3
Auckland Metro,Pukekohe,Stranded Travel - Petrol,Sep 2024,15
Auckland Metro,Pukekohe,Stranded Travel - Petrol,Dec 2024,9
Auckland Metro,Pukekohe,Stranded Travel - Petrol,Mar 2025,15
Auckland Metro,Pukekohe,Stranded Travel - Petrol,Jun 2025,9
Auckland Metro,Pukekohe,Stranded Travel - Petrol,Sep 2025,12
Auckland Metro,Pukekohe,Stranded Travel - Petrol,Dec 2025,9
Auckland Metro,Pukekohe,Stranded Travel - Petrol,Mar 2026,9
Auckland Metro,Pukekohe,All hardship,Mar 2023,2619
Auckland Metro,Pukekohe,All hardship,Jun 2023,2412
Auckland Metro,Pukekohe,All hardship,Sep 2023,2892
Auckland Metro,Pukekohe,All hardship,Dec 2023,3057
Auckland Metro,Pukekohe,All hardship,Mar 2024,3411
Auckland Metro,Pukekohe,All hardship,Jun 2024,3255
Auckland Metro,Pukekohe,All hardship,Sep 2024,2826
Auckland Metro,Pukekohe,All hardship,Dec 2024,2412
Auckland Metro,Pukekohe,All hardship,Mar 2025,2823
Auckland Metro,Pukekohe,All hardship,Jun 2025,2598
Auckland Metro,Pukekohe,All hardship,Sep 2025,2766
Auckland Metro,Pukekohe,All hardship,Dec 2025,2352
Auckland Metro,Pukekohe,All hardship,Mar 2026,2205
Waikato,Cambridge,Electricity Assistance,Mar 2023,12
Waikato,Cambridge,Electricity Assistance,Jun 2023,3
Waikato,Cambridge,Electricity Assistance,Sep 2023,6
Waikato,Cambridge,Electricity Assistance,Dec 2023,6
Waikato,Cambridge,Electricity Assistance,Mar 2024,9
Waikato,Cambridge,Electricity Assistance,Jun 2024,3
Waikato,Cambridge,Electricity Assistance,Sep 2024,9
Waikato,Cambridge,Electricity Assistance,Dec 2024,9
Waikato,Cambridge,Electricity Assistance,Mar 2025,3
Waikato,Cambridge,Electricity Assistance,Jun 2025,9
Waikato,Cambridge,Electricity Assistance,Sep 2025,15
Waikato,Cambridge,Electricity Assistance,Dec 2025,15
Waikato,Cambridge,Electricity Assistance,Mar 2026,9
Waikato,Cambridge,Emergency Housing,Mar 2023,9
Waikato,Cambridge,Emergency Housing,Jun 2023,3
Waikato,Cambridge,Emergency Housing,Sep 2023,3
Waikato,Cambridge,Emergency Housing,Dec 2023,3
Waikato,Cambridge,Emergency Housing,Mar 2024,0
Waikato,Cambridge,Emergency Housing,Jun 2024,3
Waikato,Cambridge,Emergency Housing,Sep 2024,3
Waikato,Cambridge,Emergency Housing,Dec 2024,0
Waikato,Cambridge,Emergency Housing,Mar 2025,0
Waikato,Cambridge,Emergency Housing,Jun 2025,3
Waikato,Cambridge,Emergency Housing,Sep 2025,3
Waikato,Cambridge,Emergency Housing,Dec 2025,3
Waikato,Cambridge,Emergency Housing,Mar 2026,3
Waikato,Cambridge,Food,Mar 2023,189
Waikato,Cambridge,Food,Jun 2023,123
Waikato,Cambridge,Food,Sep 2023,117
Waikato,Cambridge,Food,Dec 2023,126
Waikato,Cambridge,Food,Mar 2024,105
Waikato,Cambridge,Food,Jun 2024,72
Waikato,Cambridge,Food,Sep 2024,81
Waikato,Cambridge,Food,Dec 2024,90
Waikato,Cambridge,Food,Mar 2025,117
Waikato,Cambridge,Food,Jun 2025,135
Waikato,Cambridge,Food,Sep 2025,129
Waikato,Cambridge,Food,Dec 2025,135
Waikato,Cambridge,Food,Mar 2026,120
Waikato,Cambridge,Gas Assistance,Mar 2023,0
Waikato,Cambridge,Gas Assistance,Jun 2023,0
Waikato,Cambridge,Gas Assistance,Sep 2023,0
Waikato,Cambridge,Gas Assistance,Dec 2023,0
Waikato,Cambridge,Gas Assistance,Mar 2024,0
Waikato,Cambridge,Gas Assistance,Jun 2024,0
Waikato,Cambridge,Gas Assistance,Sep 2024,0
Waikato,Cambridge,Gas Assistance,Dec 2024,3
Waikato,Cambridge,Gas Assistance,Mar 2025,0
Waikato,Cambridge,Gas Assistance,Jun 2025,0
Waikato,Cambridge,Gas Assistance,Sep 2025,3
Waikato,Cambridge,Gas Assistance,Dec 2025,0
Waikato,Cambridge,Gas Assistance,Mar 2026,0
Waikato,Cambridge,Stranded Travel - Petrol,Mar 2023,9
Waikato,Cambridge,Stranded Travel - Petrol,Jun 2023,3
Waikato,Cambridge,Stranded Travel - Petrol,Sep 2023,3
Waikato,Cambridge,Stranded Travel - Petrol,Dec 2023,6
Waikato,Cambridge,Stranded Travel - Petrol,Mar 2024,3
Waikato,Cambridge,Stranded Travel - Petrol,Jun 2024,3
Waikato,Cambridge,Stranded Travel - Petrol,Sep 2024,0
Waikato,Cambridge,Stranded Travel - Petrol,Dec 2024,3
Waikato,Cambridge,Stranded Travel - Petrol,Mar 2025,3
Waikato,Cambridge,Stranded Travel - Petrol,Jun 2025,9
Waikato,Cambridge,Stranded Travel - Petrol,Sep 2025,3
Waikato,Cambridge,Stranded Travel - Petrol,Dec 2025,6
Waikato,Cambridge,Stranded Travel - Petrol,Mar 2026,3
Waikato,Cambridge,All hardship,Mar 2023,732
Waikato,Cambridge,All hardship,Jun 2023,438
Waikato,Cambridge,All hardship,Sep 2023,462
Waikato,Cambridge,All hardship,Dec 2023,438
Waikato,Cambridge,All hardship,Mar 2024,420
Waikato,Cambridge,All hardship,Jun 2024,315
Waikato,Cambridge,All hardship,Sep 2024,327
Waikato,Cambridge,All hardship,Dec 2024,339
Waikato,Cambridge,All hardship,Mar 2025,444
Waikato,Cambridge,All hardship,Jun 2025,525
Waikato,Cambridge,All hardship,Sep 2025,525
Waikato,Cambridge,All hardship,Dec 2025,534
Waikato,Cambridge,All hardship,Mar 2026,618
Waikato,Dinsdale,Electricity Assistance,Mar 2023,51
Waikato,Dinsdale,Electricity Assistance,Jun 2023,27
Waikato,Dinsdale,Electricity Assistance,Sep 2023,60
Waikato,Dinsdale,Electricity Assistance,Dec 2023,54
Waikato,Dinsdale,Electricity Assistance,Mar 2024,21
Waikato,Dinsdale,Electricity Assistance,Jun 2024,24
Waikato,Dinsdale,Electricity Assistance,Sep 2024,54
Waikato,Dinsdale,Electricity Assistance,Dec 2024,36
Waikato,Dinsdale,Electricity Assistance,Mar 2025,27
Waikato,Dinsdale,Electricity Assistance,Jun 2025,27
Waikato,Dinsdale,Electricity Assistance,Sep 2025,30
Waikato,Dinsdale,Electricity Assistance,Dec 2025,39
Waikato,Dinsdale,Electricity Assistance,Mar 2026,39
Waikato,Dinsdale,Emergency Housing,Mar 2023,138
Waikato,Dinsdale,Emergency Housing,Jun 2023,243
Waikato,Dinsdale,Emergency Housing,Sep 2023,180
Waikato,Dinsdale,Emergency Housing,Dec 2023,180
Waikato,Dinsdale,Emergency Housing,Mar 2024,27
Waikato,Dinsdale,Emergency Housing,Jun 2024,39
Waikato,Dinsdale,Emergency Housing,Sep 2024,24
Waikato,Dinsdale,Emergency Housing,Dec 2024,9
Waikato,Dinsdale,Emergency Housing,Mar 2025,15
Waikato,Dinsdale,Emergency Housing,Jun 2025,27
Waikato,Dinsdale,Emergency Housing,Sep 2025,18
Waikato,Dinsdale,Emergency Housing,Dec 2025,21
Waikato,Dinsdale,Emergency Housing,Mar 2026,24
Waikato,Dinsdale,Food,Mar 2023,942
Waikato,Dinsdale,Food,Jun 2023,600
Waikato,Dinsdale,Food,Sep 2023,744
Waikato,Dinsdale,Food,Dec 2023,723
Waikato,Dinsdale,Food,Mar 2024,618
Waikato,Dinsdale,Food,Jun 2024,477
Waikato,Dinsdale,Food,Sep 2024,477
Waikato,Dinsdale,Food,Dec 2024,426
Waikato,Dinsdale,Food,Mar 2025,465
Waikato,Dinsdale,Food,Jun 2025,390
Waikato,Dinsdale,Food,Sep 2025,423
Waikato,Dinsdale,Food,Dec 2025,531
Waikato,Dinsdale,Food,Mar 2026,609
Waikato,Dinsdale,Gas Assistance,Mar 2023,3
Waikato,Dinsdale,Gas Assistance,Jun 2023,0
Waikato,Dinsdale,Gas Assistance,Sep 2023,3
Waikato,Dinsdale,Gas Assistance,Dec 2023,3
Waikato,Dinsdale,Gas Assistance,Mar 2024,0
Waikato,Dinsdale,Gas Assistance,Jun 2024,3
Waikato,Dinsdale,Gas Assistance,Sep 2024,0
Waikato,Dinsdale,Gas Assistance,Dec 2024,3
Waikato,Dinsdale,Gas Assistance,Mar 2025,0
Waikato,Dinsdale,Gas Assistance,Jun 2025,0
Waikato,Dinsdale,Gas Assistance,Sep 2025,3
Waikato,Dinsdale,Gas Assistance,Dec 2025,3
Waikato,Dinsdale,Gas Assistance,Mar 2026,0
Waikato,Dinsdale,Stranded Travel - Petrol,Mar 2023,27
Waikato,Dinsdale,Stranded Travel - Petrol,Jun 2023,18
Waikato,Dinsdale,Stranded Travel - Petrol,Sep 2023,18
Waikato,Dinsdale,Stranded Travel - Petrol,Dec 2023,15
Waikato,Dinsdale,Stranded Travel - Petrol,Mar 2024,15
Waikato,Dinsdale,Stranded Travel - Petrol,Jun 2024,15
Waikato,Dinsdale,Stranded Travel - Petrol,Sep 2024,15
Waikato,Dinsdale,Stranded Travel - Petrol,Dec 2024,9
Waikato,Dinsdale,Stranded Travel - Petrol,Mar 2025,18
Waikato,Dinsdale,Stranded Travel - Petrol,Jun 2025,12
Waikato,Dinsdale,Stranded Travel - Petrol,Sep 2025,15
Waikato,Dinsdale,Stranded Travel - Petrol,Dec 2025,15
Waikato,Dinsdale,Stranded Travel - Petrol,Mar 2026,6
Waikato,Dinsdale,All hardship,Mar 2023,3006
Waikato,Dinsdale,All hardship,Jun 2023,2289
Waikato,Dinsdale,All hardship,Sep 2023,2565
Waikato,Dinsdale,All hardship,Dec 2023,2271
Waikato,Dinsdale,All hardship,Mar 2024,1824
Waikato,Dinsdale,All hardship,Jun 2024,1665
Waikato,Dinsdale,All hardship,Sep 2024,1650
Waikato,Dinsdale,All hardship,Dec 2024,1389
Waikato,Dinsdale,All hardship,Mar 2025,1515
Waikato,Dinsdale,All hardship,Jun 2025,1533
Waikato,Dinsdale,All hardship,Sep 2025,1527
Waikato,Dinsdale,All hardship,Dec 2025,1620
Waikato,Dinsdale,All hardship,Mar 2026,2112
Waikato,Five Cross Roads,Electricity Assistance,Mar 2023,75
Waikato,Five Cross Roads,Electricity Assistance,Jun 2023,48
Waikato,Five Cross Roads,Electricity Assistance,Sep 2023,87
Waikato,Five Cross Roads,Electricity Assistance,Dec 2023,105
Waikato,Five Cross Roads,Electricity Assistance,Mar 2024,84
Waikato,Five Cross Roads,Electricity Assistance,Jun 2024,54
Waikato,Five Cross Roads,Electricity Assistance,Sep 2024,99
Waikato,Five Cross Roads,Electricity Assistance,Dec 2024,87
Waikato,Five Cross Roads,Electricity Assistance,Mar 2025,66
Waikato,Five Cross Roads,Electricity Assistance,Jun 2025,36
Waikato,Five Cross Roads,Electricity Assistance,Sep 2025,111
Waikato,Five Cross Roads,Electricity Assistance,Dec 2025,99
Waikato,Five Cross Roads,Electricity Assistance,Mar 2026,84
Waikato,Five Cross Roads,Emergency Housing,Mar 2023,267
Waikato,Five Cross Roads,Emergency Housing,Jun 2023,348
Waikato,Five Cross Roads,Emergency Housing,Sep 2023,252
Waikato,Five Cross Roads,Emergency Housing,Dec 2023,258
Waikato,Five Cross Roads,Emergency Housing,Mar 2024,282
Waikato,Five Cross Roads,Emergency Housing,Jun 2024,162
Waikato,Five Cross Roads,Emergency Housing,Sep 2024,33
Waikato,Five Cross Roads,Emergency Housing,Dec 2024,15
Waikato,Five Cross Roads,Emergency Housing,Mar 2025,18
Waikato,Five Cross Roads,Emergency Housing,Jun 2025,24
Waikato,Five Cross Roads,Emergency Housing,Sep 2025,30
Waikato,Five Cross Roads,Emergency Housing,Dec 2025,39
Waikato,Five Cross Roads,Emergency Housing,Mar 2026,21
Waikato,Five Cross Roads,Food,Mar 2023,1368
Waikato,Five Cross Roads,Food,Jun 2023,1206
Waikato,Five Cross Roads,Food,Sep 2023,1560
Waikato,Five Cross Roads,Food,Dec 2023,1617
Waikato,Five Cross Roads,Food,Mar 2024,1620
Waikato,Five Cross Roads,Food,Jun 2024,1185
Waikato,Five Cross Roads,Food,Sep 2024,1113
Waikato,Five Cross Roads,Food,Dec 2024,1017
Waikato,Five Cross Roads,Food,Mar 2025,1056
Waikato,Five Cross Roads,Food,Jun 2025,996
Waikato,Five Cross Roads,Food,Sep 2025,1044
Waikato,Five Cross Roads,Food,Dec 2025,1065
Waikato,Five Cross Roads,Food,Mar 2026,1113
Waikato,Five Cross Roads,Gas Assistance,Mar 2023,0
Waikato,Five Cross Roads,Gas Assistance,Jun 2023,3
Waikato,Five Cross Roads,Gas Assistance,Sep 2023,3
Waikato,Five Cross Roads,Gas Assistance,Dec 2023,3
Waikato,Five Cross Roads,Gas Assistance,Mar 2024,3
Waikato,Five Cross Roads,Gas Assistance,Jun 2024,3
Waikato,Five Cross Roads,Gas Assistance,Sep 2024,6
Waikato,Five Cross Roads,Gas Assistance,Dec 2024,0
Waikato,Five Cross Roads,Gas Assistance,Mar 2025,3
Waikato,Five Cross Roads,Gas Assistance,Jun 2025,3
Waikato,Five Cross Roads,Gas Assistance,Sep 2025,3
Waikato,Five Cross Roads,Gas Assistance,Dec 2025,3
Waikato,Five Cross Roads,Gas Assistance,Mar 2026,3
Waikato,Five Cross Roads,Stranded Travel - Petrol,Mar 2023,21
Waikato,Five Cross Roads,Stranded Travel - Petrol,Jun 2023,27
Waikato,Five Cross Roads,Stranded Travel - Petrol,Sep 2023,45
Waikato,Five Cross Roads,Stranded Travel - Petrol,Dec 2023,51
Waikato,Five Cross Roads,Stranded Travel - Petrol,Mar 2024,54
Waikato,Five Cross Roads,Stranded Travel - Petrol,Jun 2024,69
Waikato,Five Cross Roads,Stranded Travel - Petrol,Sep 2024,69
Waikato,Five Cross Roads,Stranded Travel - Petrol,Dec 2024,57
Waikato,Five Cross Roads,Stranded Travel - Petrol,Mar 2025,66
Waikato,Five Cross Roads,Stranded Travel - Petrol,Jun 2025,24
Waikato,Five Cross Roads,Stranded Travel - Petrol,Sep 2025,39
Waikato,Five Cross Roads,Stranded Travel - Petrol,Dec 2025,42
Waikato,Five Cross Roads,Stranded Travel - Petrol,Mar 2026,42
Waikato,Five Cross Roads,All hardship,Mar 2023,3780
Waikato,Five Cross Roads,All hardship,Jun 2023,3807
Waikato,Five Cross Roads,All hardship,Sep 2023,4260
Waikato,Five Cross Roads,All hardship,Dec 2023,4278
Waikato,Five Cross Roads,All hardship,Mar 2024,4104
Waikato,Five Cross Roads,All hardship,Jun 2024,3420
Waikato,Five Cross Roads,All hardship,Sep 2024,3105
Waikato,Five Cross Roads,All hardship,Dec 2024,2757
Waikato,Five Cross Roads,All hardship,Mar 2025,3102
Waikato,Five Cross Roads,All hardship,Jun 2025,3009
Waikato,Five Cross Roads,All hardship,Sep 2025,3198
Waikato,Five Cross Roads,All hardship,Dec 2025,3159
Waikato,Five Cross Roads,All hardship,Mar 2026,3342
Waikato,Hamilton East,Electricity Assistance,Mar 2023,63
Waikato,Hamilton East,Electricity Assistance,Jun 2023,21
Waikato,Hamilton East,Electricity Assistance,Sep 2023,57
Waikato,Hamilton East,Electricity Assistance,Dec 2023,57
Waikato,Hamilton East,Electricity Assistance,Mar 2024,27
Waikato,Hamilton East,Electricity Assistance,Jun 2024,18
Waikato,Hamilton East,Electricity Assistance,Sep 2024,42
Waikato,Hamilton East,Electricity Assistance,Dec 2024,45
Waikato,Hamilton East,Electricity Assistance,Mar 2025,30
Waikato,Hamilton East,Electricity Assistance,Jun 2025,24
Waikato,Hamilton East,Electricity Assistance,Sep 2025,39
Waikato,Hamilton East,Electricity Assistance,Dec 2025,42
Waikato,Hamilton East,Electricity Assistance,Mar 2026,33
Waikato,Hamilton East,Emergency Housing,Mar 2023,327
Waikato,Hamilton East,Emergency Housing,Jun 2023,357
Waikato,Hamilton East,Emergency Housing,Sep 2023,261
Waikato,Hamilton East,Emergency Housing,Dec 2023,165
Waikato,Hamilton East,Emergency Housing,Mar 2024,60
Waikato,Hamilton East,Emergency Housing,Jun 2024,48
Waikato,Hamilton East,Emergency Housing,Sep 2024,21
Waikato,Hamilton East,Emergency Housing,Dec 2024,21
Waikato,Hamilton East,Emergency Housing,Mar 2025,18
Waikato,Hamilton East,Emergency Housing,Jun 2025,30
Waikato,Hamilton East,Emergency Housing,Sep 2025,15
Waikato,Hamilton East,Emergency Housing,Dec 2025,9
Waikato,Hamilton East,Emergency Housing,Mar 2026,15
Waikato,Hamilton East,Food,Mar 2023,1314
Waikato,Hamilton East,Food,Jun 2023,891
Waikato,Hamilton East,Food,Sep 2023,759
Waikato,Hamilton East,Food,Dec 2023,843
Waikato,Hamilton East,Food,Mar 2024,804
Waikato,Hamilton East,Food,Jun 2024,555
Waikato,Hamilton East,Food,Sep 2024,738
Waikato,Hamilton East,Food,Dec 2024,705
Waikato,Hamilton East,Food,Mar 2025,690
Waikato,Hamilton East,Food,Jun 2025,618
Waikato,Hamilton East,Food,Sep 2025,642
Waikato,Hamilton East,Food,Dec 2025,723
Waikato,Hamilton East,Food,Mar 2026,750
Waikato,Hamilton East,Gas Assistance,Mar 2023,3
Waikato,Hamilton East,Gas Assistance,Jun 2023,3
Waikato,Hamilton East,Gas Assistance,Sep 2023,0
Waikato,Hamilton East,Gas Assistance,Dec 2023,0
Waikato,Hamilton East,Gas Assistance,Mar 2024,0
Waikato,Hamilton East,Gas Assistance,Jun 2024,0
Waikato,Hamilton East,Gas Assistance,Sep 2024,3
Waikato,Hamilton East,Gas Assistance,Dec 2024,0
Waikato,Hamilton East,Gas Assistance,Mar 2025,3
Waikato,Hamilton East,Gas Assistance,Jun 2025,0
Waikato,Hamilton East,Gas Assistance,Sep 2025,3
Waikato,Hamilton East,Gas Assistance,Dec 2025,3
Waikato,Hamilton East,Gas Assistance,Mar 2026,3
Waikato,Hamilton East,Stranded Travel - Petrol,Mar 2023,33
Waikato,Hamilton East,Stranded Travel - Petrol,Jun 2023,24
Waikato,Hamilton East,Stranded Travel - Petrol,Sep 2023,15
Waikato,Hamilton East,Stranded Travel - Petrol,Dec 2023,21
Waikato,Hamilton East,Stranded Travel - Petrol,Mar 2024,12
Waikato,Hamilton East,Stranded Travel - Petrol,Jun 2024,6
Waikato,Hamilton East,Stranded Travel - Petrol,Sep 2024,18
Waikato,Hamilton East,Stranded Travel - Petrol,Dec 2024,21
Waikato,Hamilton East,Stranded Travel - Petrol,Mar 2025,12
Waikato,Hamilton East,Stranded Travel - Petrol,Jun 2025,9
Waikato,Hamilton East,Stranded Travel - Petrol,Sep 2025,12
Waikato,Hamilton East,Stranded Travel - Petrol,Dec 2025,15
Waikato,Hamilton East,Stranded Travel - Petrol,Mar 2026,6
Waikato,Hamilton East,All hardship,Mar 2023,3849
Waikato,Hamilton East,All hardship,Jun 2023,2826
Waikato,Hamilton East,All hardship,Sep 2023,2355
Waikato,Hamilton East,All hardship,Dec 2023,2283
Waikato,Hamilton East,All hardship,Mar 2024,2067
Waikato,Hamilton East,All hardship,Jun 2024,1611
Waikato,Hamilton East,All hardship,Sep 2024,1947
Waikato,Hamilton East,All hardship,Dec 2024,1797
Waikato,Hamilton East,All hardship,Mar 2025,1812
Waikato,Hamilton East,All hardship,Jun 2025,1746
Waikato,Hamilton East,All hardship,Sep 2025,1743
Waikato,Hamilton East,All hardship,Dec 2025,1779
Waikato,Hamilton East,All hardship,Mar 2026,1806
Waikato,Huntly,Electricity Assistance,Mar 2023,15
Waikato,Huntly,Electricity Assistance,Jun 2023,12
Waikato,Huntly,Electricity Assistance,Sep 2023,33
Waikato,Huntly,Electricity Assistance,Dec 2023,42
Waikato,Huntly,Electricity Assistance,Mar 2024,27
Waikato,Huntly,Electricity Assistance,Jun 2024,15
Waikato,Huntly,Electricity Assistance,Sep 2024,30
Waikato,Huntly,Electricity Assistance,Dec 2024,15
Waikato,Huntly,Electricity Assistance,Mar 2025,21
Waikato,Huntly,Electricity Assistance,Jun 2025,15
Waikato,Huntly,Electricity Assistance,Sep 2025,39
Waikato,Huntly,Electricity Assistance,Dec 2025,36
Waikato,Huntly,Electricity Assistance,Mar 2026,30
Waikato,Huntly,Emergency Housing,Mar 2023,144
Waikato,Huntly,Emergency Housing,Jun 2023,105
Waikato,Huntly,Emergency Housing,Sep 2023,63
Waikato,Huntly,Emergency Housing,Dec 2023,42
Waikato,Huntly,Emergency Housing,Mar 2024,39
Waikato,Huntly,Emergency Housing,Jun 2024,27
Waikato,Huntly,Emergency Housing,Sep 2024,30
Waikato,Huntly,Emergency Housing,Dec 2024,18
Waikato,Huntly,Emergency Housing,Mar 2025,27
Waikato,Huntly,Emergency Housing,Jun 2025,18
Waikato,Huntly,Emergency Housing,Sep 2025,30
Waikato,Huntly,Emergency Housing,Dec 2025,54
Waikato,Huntly,Emergency Housing,Mar 2026,27
Waikato,Huntly,Food,Mar 2023,417
Waikato,Huntly,Food,Jun 2023,327
Waikato,Huntly,Food,Sep 2023,480
Waikato,Huntly,Food,Dec 2023,381
Waikato,Huntly,Food,Mar 2024,444
Waikato,Huntly,Food,Jun 2024,396
Waikato,Huntly,Food,Sep 2024,402
Waikato,Huntly,Food,Dec 2024,432
Waikato,Huntly,Food,Mar 2025,489
Waikato,Huntly,Food,Jun 2025,444
Waikato,Huntly,Food,Sep 2025,480
Waikato,Huntly,Food,Dec 2025,654
Waikato,Huntly,Food,Mar 2026,651
Waikato,Huntly,Gas Assistance,Mar 2023,3
Waikato,Huntly,Gas Assistance,Jun 2023,0
Waikato,Huntly,Gas Assistance,Sep 2023,3
Waikato,Huntly,Gas Assistance,Dec 2023,3
Waikato,Huntly,Gas Assistance,Mar 2024,3
Waikato,Huntly,Gas Assistance,Jun 2024,3
Waikato,Huntly,Gas Assistance,Sep 2024,3
Waikato,Huntly,Gas Assistance,Dec 2024,0
Waikato,Huntly,Gas Assistance,Mar 2025,3
Waikato,Huntly,Gas Assistance,Jun 2025,0
Waikato,Huntly,Gas Assistance,Sep 2025,0
Waikato,Huntly,Gas Assistance,Dec 2025,0
Waikato,Huntly,Gas Assistance,Mar 2026,3
Waikato,Huntly,Stranded Travel - Petrol,Mar 2023,15
Waikato,Huntly,Stranded Travel - Petrol,Jun 2023,9
Waikato,Huntly,Stranded Travel - Petrol,Sep 2023,21
Waikato,Huntly,Stranded Travel - Petrol,Dec 2023,9
Waikato,Huntly,Stranded Travel - Petrol,Mar 2024,21
Waikato,Huntly,Stranded Travel - Petrol,Jun 2024,15
Waikato,Huntly,Stranded Travel - Petrol,Sep 2024,12
Waikato,Huntly,Stranded Travel - Petrol,Dec 2024,9
Waikato,Huntly,Stranded Travel - Petrol,Mar 2025,12
Waikato,Huntly,Stranded Travel - Petrol,Jun 2025,6
Waikato,Huntly,Stranded Travel - Petrol,Sep 2025,12
Waikato,Huntly,Stranded Travel - Petrol,Dec 2025,21
Waikato,Huntly,Stranded Travel - Petrol,Mar 2026,18
Waikato,Huntly,All hardship,Mar 2023,1392
Waikato,Huntly,All hardship,Jun 2023,1347
Waikato,Huntly,All hardship,Sep 2023,1710
Waikato,Huntly,All hardship,Dec 2023,1230
Waikato,Huntly,All hardship,Mar 2024,1209
Waikato,Huntly,All hardship,Jun 2024,1062
Waikato,Huntly,All hardship,Sep 2024,1125
Waikato,Huntly,All hardship,Dec 2024,1056
Waikato,Huntly,All hardship,Mar 2025,1230
Waikato,Huntly,All hardship,Jun 2025,1176
Waikato,Huntly,All hardship,Sep 2025,1287
Waikato,Huntly,All hardship,Dec 2025,1746
Waikato,Huntly,All hardship,Mar 2026,1641
Waikato,Kirikiriroa,Electricity Assistance,Mar 2023,27
Waikato,Kirikiriroa,Electricity Assistance,Jun 2023,39
Waikato,Kirikiriroa,Electricity Assistance,Sep 2023,93
Waikato,Kirikiriroa,Electricity Assistance,Dec 2023,75
Waikato,Kirikiriroa,Electricity Assistance,Mar 2024,66
Waikato,Kirikiriroa,Electricity Assistance,Jun 2024,45
Waikato,Kirikiriroa,Electricity Assistance,Sep 2024,72
Waikato,Kirikiriroa,Electricity Assistance,Dec 2024,75
Waikato,Kirikiriroa,Electricity Assistance,Mar 2025,84
Waikato,Kirikiriroa,Electricity Assistance,Jun 2025,57
Waikato,Kirikiriroa,Electricity Assistance,Sep 2025,96
Waikato,Kirikiriroa,Electricity Assistance,Dec 2025,87
Waikato,Kirikiriroa,Electricity Assistance,Mar 2026,84
Waikato,Kirikiriroa,Emergency Housing,Mar 2023,3612
Waikato,Kirikiriroa,Emergency Housing,Jun 2023,3168
Waikato,Kirikiriroa,Emergency Housing,Sep 2023,3198
Waikato,Kirikiriroa,Emergency Housing,Dec 2023,2832
Waikato,Kirikiriroa,Emergency Housing,Mar 2024,2709
Waikato,Kirikiriroa,Emergency Housing,Jun 2024,2691
Waikato,Kirikiriroa,Emergency Housing,Sep 2024,1923
Waikato,Kirikiriroa,Emergency Housing,Dec 2024,1056
Waikato,Kirikiriroa,Emergency Housing,Mar 2025,714
Waikato,Kirikiriroa,Emergency Housing,Jun 2025,747
Waikato,Kirikiriroa,Emergency Housing,Sep 2025,696
Waikato,Kirikiriroa,Emergency Housing,Dec 2025,786
Waikato,Kirikiriroa,Emergency Housing,Mar 2026,615
Waikato,Kirikiriroa,Food,Mar 2023,1947
Waikato,Kirikiriroa,Food,Jun 2023,1683
Waikato,Kirikiriroa,Food,Sep 2023,2424
Waikato,Kirikiriroa,Food,Dec 2023,2064
Waikato,Kirikiriroa,Food,Mar 2024,1905
Waikato,Kirikiriroa,Food,Jun 2024,1473
Waikato,Kirikiriroa,Food,Sep 2024,1467
Waikato,Kirikiriroa,Food,Dec 2024,1407
Waikato,Kirikiriroa,Food,Mar 2025,1377
Waikato,Kirikiriroa,Food,Jun 2025,1509
Waikato,Kirikiriroa,Food,Sep 2025,1596
Waikato,Kirikiriroa,Food,Dec 2025,1518
Waikato,Kirikiriroa,Food,Mar 2026,1440
Waikato,Kirikiriroa,Gas Assistance,Mar 2023,0
Waikato,Kirikiriroa,Gas Assistance,Jun 2023,3
Waikato,Kirikiriroa,Gas Assistance,Sep 2023,6
Waikato,Kirikiriroa,Gas Assistance,Dec 2023,3
Waikato,Kirikiriroa,Gas Assistance,Mar 2024,3
Waikato,Kirikiriroa,Gas Assistance,Jun 2024,0
Waikato,Kirikiriroa,Gas Assistance,Sep 2024,3
Waikato,Kirikiriroa,Gas Assistance,Dec 2024,3
Waikato,Kirikiriroa,Gas Assistance,Mar 2025,0
Waikato,Kirikiriroa,Gas Assistance,Jun 2025,3
Waikato,Kirikiriroa,Gas Assistance,Sep 2025,0
Waikato,Kirikiriroa,Gas Assistance,Dec 2025,3
Waikato,Kirikiriroa,Gas Assistance,Mar 2026,0
Waikato,Kirikiriroa,Stranded Travel - Petrol,Mar 2023,111
Waikato,Kirikiriroa,Stranded Travel - Petrol,Jun 2023,57
Waikato,Kirikiriroa,Stranded Travel - Petrol,Sep 2023,87
Waikato,Kirikiriroa,Stranded Travel - Petrol,Dec 2023,111
Waikato,Kirikiriroa,Stranded Travel - Petrol,Mar 2024,96
Waikato,Kirikiriroa,Stranded Travel - Petrol,Jun 2024,75
Waikato,Kirikiriroa,Stranded Travel - Petrol,Sep 2024,90
Waikato,Kirikiriroa,Stranded Travel - Petrol,Dec 2024,72
Waikato,Kirikiriroa,Stranded Travel - Petrol,Mar 2025,69
Waikato,Kirikiriroa,Stranded Travel - Petrol,Jun 2025,66
Waikato,Kirikiriroa,Stranded Travel - Petrol,Sep 2025,66
Waikato,Kirikiriroa,Stranded Travel - Petrol,Dec 2025,81
Waikato,Kirikiriroa,Stranded Travel - Petrol,Mar 2026,63
Waikato,Kirikiriroa,All hardship,Mar 2023,9120
Waikato,Kirikiriroa,All hardship,Jun 2023,7929
Waikato,Kirikiriroa,All hardship,Sep 2023,10038
Waikato,Kirikiriroa,All hardship,Dec 2023,8685
Waikato,Kirikiriroa,All hardship,Mar 2024,8214
Waikato,Kirikiriroa,All hardship,Jun 2024,7755
Waikato,Kirikiriroa,All hardship,Sep 2024,7503
Waikato,Kirikiriroa,All hardship,Dec 2024,6015
Waikato,Kirikiriroa,All hardship,Mar 2025,5463
Waikato,Kirikiriroa,All hardship,Jun 2025,5907
Waikato,Kirikiriroa,All hardship,Sep 2025,5865
Waikato,Kirikiriroa,All hardship,Dec 2025,5775
Waikato,Kirikiriroa,All hardship,Mar 2026,5496
Waikato,Matamata,Electricity Assistance,Mar 2023,6
Waikato,Matamata,Electricity Assistance,Jun 2023,12
Waikato,Matamata,Electricity Assistance,Sep 2023,18
Waikato,Matamata,Electricity Assistance,Dec 2023,27
Waikato,Matamata,Electricity Assistance,Mar 2024,18
Waikato,Matamata,Electricity Assistance,Jun 2024,9
Waikato,Matamata,Electricity Assistance,Sep 2024,24
Waikato,Matamata,Electricity Assistance,Dec 2024,21
Waikato,Matamata,Electricity Assistance,Mar 2025,9
Waikato,Matamata,Electricity Assistance,Jun 2025,15
Waikato,Matamata,Electricity Assistance,Sep 2025,21
Waikato,Matamata,Electricity Assistance,Dec 2025,12
Waikato,Matamata,Electricity Assistance,Mar 2026,15
Waikato,Matamata,Emergency Housing,Mar 2023,9
Waikato,Matamata,Emergency Housing,Jun 2023,42
Waikato,Matamata,Emergency Housing,Sep 2023,69
Waikato,Matamata,Emergency Housing,Dec 2023,39
Waikato,Matamata,Emergency Housing,Mar 2024,48
Waikato,Matamata,Emergency Housing,Jun 2024,72
Waikato,Matamata,Emergency Housing,Sep 2024,42
Waikato,Matamata,Emergency Housing,Dec 2024,9
Waikato,Matamata,Emergency Housing,Mar 2025,3
Waikato,Matamata,Emergency Housing,Jun 2025,9
Waikato,Matamata,Emergency Housing,Sep 2025,30
Waikato,Matamata,Emergency Housing,Dec 2025,15
Waikato,Matamata,Emergency Housing,Mar 2026,15
Waikato,Matamata,Food,Mar 2023,102
Waikato,Matamata,Food,Jun 2023,186
Waikato,Matamata,Food,Sep 2023,261
Waikato,Matamata,Food,Dec 2023,249
Waikato,Matamata,Food,Mar 2024,282
Waikato,Matamata,Food,Jun 2024,219
Waikato,Matamata,Food,Sep 2024,249
Waikato,Matamata,Food,Dec 2024,258
Waikato,Matamata,Food,Mar 2025,258
Waikato,Matamata,Food,Jun 2025,207
Waikato,Matamata,Food,Sep 2025,246
Waikato,Matamata,Food,Dec 2025,252
Waikato,Matamata,Food,Mar 2026,282
Waikato,Matamata,Gas Assistance,Mar 2023,3
Waikato,Matamata,Gas Assistance,Jun 2023,0
Waikato,Matamata,Gas Assistance,Sep 2023,0
Waikato,Matamata,Gas Assistance,Dec 2023,3
Waikato,Matamata,Gas Assistance,Mar 2024,0
Waikato,Matamata,Gas Assistance,Jun 2024,3
Waikato,Matamata,Gas Assistance,Sep 2024,0
Waikato,Matamata,Gas Assistance,Dec 2024,0
Waikato,Matamata,Gas Assistance,Mar 2025,3
Waikato,Matamata,Gas Assistance,Jun 2025,3
Waikato,Matamata,Gas Assistance,Sep 2025,3
Waikato,Matamata,Gas Assistance,Dec 2025,3
Waikato,Matamata,Gas Assistance,Mar 2026,3
Waikato,Matamata,Stranded Travel - Petrol,Mar 2023,6
Waikato,Matamata,Stranded Travel - Petrol,Jun 2023,12
Waikato,Matamata,Stranded Travel - Petrol,Sep 2023,24
Waikato,Matamata,Stranded Travel - Petrol,Dec 2023,24
Waikato,Matamata,Stranded Travel - Petrol,Mar 2024,30
Waikato,Matamata,Stranded Travel - Petrol,Jun 2024,15
Waikato,Matamata,Stranded Travel - Petrol,Sep 2024,39
Waikato,Matamata,Stranded Travel - Petrol,Dec 2024,30
Waikato,Matamata,Stranded Travel - Petrol,Mar 2025,39
Waikato,Matamata,Stranded Travel - Petrol,Jun 2025,27
Waikato,Matamata,Stranded Travel - Petrol,Sep 2025,42
Waikato,Matamata,Stranded Travel - Petrol,Dec 2025,33
Waikato,Matamata,Stranded Travel - Petrol,Mar 2026,30
Waikato,Matamata,All hardship,Mar 2023,387
Waikato,Matamata,All hardship,Jun 2023,831
Waikato,Matamata,All hardship,Sep 2023,1122
Waikato,Matamata,All hardship,Dec 2023,1077
Waikato,Matamata,All hardship,Mar 2024,981
Waikato,Matamata,All hardship,Jun 2024,960
Waikato,Matamata,All hardship,Sep 2024,1092
Waikato,Matamata,All hardship,Dec 2024,915
Waikato,Matamata,All hardship,Mar 2025,948
Waikato,Matamata,All hardship,Jun 2025,771
Waikato,Matamata,All hardship,Sep 2025,948
Waikato,Matamata,All hardship,Dec 2025,816
Waikato,Matamata,All hardship,Mar 2026,873
Waikato,Morrinsville,Electricity Assistance,Mar 2023,9
Waikato,Morrinsville,Electricity Assistance,Jun 2023,9
Waikato,Morrinsville,Electricity Assistance,Sep 2023,6
Waikato,Morrinsville,Electricity Assistance,Dec 2023,3
Waikato,Morrinsville,Electricity Assistance,Mar 2024,6
Waikato,Morrinsville,Electricity Assistance,Jun 2024,3
Waikato,Morrinsville,Electricity Assistance,Sep 2024,9
Waikato,Morrinsville,Electricity Assistance,Dec 2024,9
Waikato,Morrinsville,Electricity Assistance,Mar 2025,3
Waikato,Morrinsville,Electricity Assistance,Jun 2025,6
Waikato,Morrinsville,Electricity Assistance,Sep 2025,12
Waikato,Morrinsville,Electricity Assistance,Dec 2025,6
Waikato,Morrinsville,Electricity Assistance,Mar 2026,3
Waikato,Morrinsville,Emergency Housing,Mar 2023,24
Waikato,Morrinsville,Emergency Housing,Jun 2023,18
Waikato,Morrinsville,Emergency Housing,Sep 2023,12
Waikato,Morrinsville,Emergency Housing,Dec 2023,6
Waikato,Morrinsville,Emergency Housing,Mar 2024,15
Waikato,Morrinsville,Emergency Housing,Jun 2024,9
Waikato,Morrinsville,Emergency Housing,Sep 2024,9
Waikato,Morrinsville,Emergency Housing,Dec 2024,6
Waikato,Morrinsville,Emergency Housing,Mar 2025,6
Waikato,Morrinsville,Emergency Housing,Jun 2025,12
Waikato,Morrinsville,Emergency Housing,Sep 2025,6
Waikato,Morrinsville,Emergency Housing,Dec 2025,3
Waikato,Morrinsville,Emergency Housing,Mar 2026,0
Waikato,Morrinsville,Food,Mar 2023,192
Waikato,Morrinsville,Food,Jun 2023,90
Waikato,Morrinsville,Food,Sep 2023,78
Waikato,Morrinsville,Food,Dec 2023,60
Waikato,Morrinsville,Food,Mar 2024,66
Waikato,Morrinsville,Food,Jun 2024,72
Waikato,Morrinsville,Food,Sep 2024,78
Waikato,Morrinsville,Food,Dec 2024,84
Waikato,Morrinsville,Food,Mar 2025,78
Waikato,Morrinsville,Food,Jun 2025,96
Waikato,Morrinsville,Food,Sep 2025,75
Waikato,Morrinsville,Food,Dec 2025,93
Waikato,Morrinsville,Food,Mar 2026,75
Waikato,Morrinsville,Gas Assistance,Mar 2023,0
Waikato,Morrinsville,Gas Assistance,Jun 2023,3
Waikato,Morrinsville,Gas Assistance,Sep 2023,0
Waikato,Morrinsville,Gas Assistance,Dec 2023,3
Waikato,Morrinsville,Gas Assistance,Mar 2024,0
Waikato,Morrinsville,Gas Assistance,Jun 2024,0
Waikato,Morrinsville,Gas Assistance,Sep 2024,0
Waikato,Morrinsville,Gas Assistance,Dec 2024,0
Waikato,Morrinsville,Gas Assistance,Mar 2025,0
Waikato,Morrinsville,Gas Assistance,Jun 2025,0
Waikato,Morrinsville,Gas Assistance,Sep 2025,0
Waikato,Morrinsville,Gas Assistance,Dec 2025,3
Waikato,Morrinsville,Gas Assistance,Mar 2026,0
Waikato,Morrinsville,Stranded Travel - Petrol,Mar 2023,12
Waikato,Morrinsville,Stranded Travel - Petrol,Jun 2023,3
Waikato,Morrinsville,Stranded Travel - Petrol,Sep 2023,3
Waikato,Morrinsville,Stranded Travel - Petrol,Dec 2023,3
Waikato,Morrinsville,Stranded Travel - Petrol,Mar 2024,3
Waikato,Morrinsville,Stranded Travel - Petrol,Jun 2024,6
Waikato,Morrinsville,Stranded Travel - Petrol,Sep 2024,3
Waikato,Morrinsville,Stranded Travel - Petrol,Dec 2024,3
Waikato,Morrinsville,Stranded Travel - Petrol,Mar 2025,3
Waikato,Morrinsville,Stranded Travel - Petrol,Jun 2025,9
Waikato,Morrinsville,Stranded Travel - Petrol,Sep 2025,3
Waikato,Morrinsville,Stranded Travel - Petrol,Dec 2025,3
Waikato,Morrinsville,Stranded Travel - Petrol,Mar 2026,3
Waikato,Morrinsville,All hardship,Mar 2023,786
Waikato,Morrinsville,All hardship,Jun 2023,447
Waikato,Morrinsville,All hardship,Sep 2023,396
Waikato,Morrinsville,All hardship,Dec 2023,270
Waikato,Morrinsville,All hardship,Mar 2024,384
Waikato,Morrinsville,All hardship,Jun 2024,366
Waikato,Morrinsville,All hardship,Sep 2024,351
Waikato,Morrinsville,All hardship,Dec 2024,447
Waikato,Morrinsville,All hardship,Mar 2025,357
Waikato,Morrinsville,All hardship,Jun 2025,477
Waikato,Morrinsville,All hardship,Sep 2025,369
Waikato,Morrinsville,All hardship,Dec 2025,378
Waikato,Morrinsville,All hardship,Mar 2026,357
Waikato,Ngaruawahia,Electricity Assistance,Mar 2023,24
Waikato,Ngaruawahia,Electricity Assistance,Jun 2023,9
Waikato,Ngaruawahia,Electricity Assistance,Sep 2023,24
Waikato,Ngaruawahia,Electricity Assistance,Dec 2023,18
Waikato,Ngaruawahia,Electricity Assistance,Mar 2024,24
Waikato,Ngaruawahia,Electricity Assistance,Jun 2024,9
Waikato,Ngaruawahia,Electricity Assistance,Sep 2024,21
Waikato,Ngaruawahia,Electricity Assistance,Dec 2024,15
Waikato,Ngaruawahia,Electricity Assistance,Mar 2025,21
Waikato,Ngaruawahia,Electricity Assistance,Jun 2025,9
Waikato,Ngaruawahia,Electricity Assistance,Sep 2025,18
Waikato,Ngaruawahia,Electricity Assistance,Dec 2025,15
Waikato,Ngaruawahia,Electricity Assistance,Mar 2026,6
Waikato,Ngaruawahia,Emergency Housing,Mar 2023,27
Waikato,Ngaruawahia,Emergency Housing,Jun 2023,12
Waikato,Ngaruawahia,Emergency Housing,Sep 2023,12
Waikato,Ngaruawahia,Emergency Housing,Dec 2023,3
Waikato,Ngaruawahia,Emergency Housing,Mar 2024,9
Waikato,Ngaruawahia,Emergency Housing,Jun 2024,3
Waikato,Ngaruawahia,Emergency Housing,Sep 2024,6
Waikato,Ngaruawahia,Emergency Housing,Dec 2024,15
Waikato,Ngaruawahia,Emergency Housing,Mar 2025,3
Waikato,Ngaruawahia,Emergency Housing,Jun 2025,12
Waikato,Ngaruawahia,Emergency Housing,Sep 2025,0
Waikato,Ngaruawahia,Emergency Housing,Dec 2025,3
Waikato,Ngaruawahia,Emergency Housing,Mar 2026,3
Waikato,Ngaruawahia,Food,Mar 2023,414
Waikato,Ngaruawahia,Food,Jun 2023,249
Waikato,Ngaruawahia,Food,Sep 2023,291
Waikato,Ngaruawahia,Food,Dec 2023,345
Waikato,Ngaruawahia,Food,Mar 2024,336
Waikato,Ngaruawahia,Food,Jun 2024,240
Waikato,Ngaruawahia,Food,Sep 2024,249
Waikato,Ngaruawahia,Food,Dec 2024,342
Waikato,Ngaruawahia,Food,Mar 2025,321
Waikato,Ngaruawahia,Food,Jun 2025,261
Waikato,Ngaruawahia,Food,Sep 2025,291
Waikato,Ngaruawahia,Food,Dec 2025,339
Waikato,Ngaruawahia,Food,Mar 2026,282
Waikato,Ngaruawahia,Gas Assistance,Mar 2023,0
Waikato,Ngaruawahia,Gas Assistance,Jun 2023,0
Waikato,Ngaruawahia,Gas Assistance,Sep 2023,3
Waikato,Ngaruawahia,Gas Assistance,Dec 2023,3
Waikato,Ngaruawahia,Gas Assistance,Mar 2024,0
Waikato,Ngaruawahia,Gas Assistance,Jun 2024,0
Waikato,Ngaruawahia,Gas Assistance,Sep 2024,0
Waikato,Ngaruawahia,Gas Assistance,Dec 2024,3
Waikato,Ngaruawahia,Gas Assistance,Mar 2025,3
Waikato,Ngaruawahia,Gas Assistance,Jun 2025,0
Waikato,Ngaruawahia,Gas Assistance,Sep 2025,0
Waikato,Ngaruawahia,Gas Assistance,Dec 2025,0
Waikato,Ngaruawahia,Gas Assistance,Mar 2026,3
Waikato,Ngaruawahia,Stranded Travel - Petrol,Mar 2023,15
Waikato,Ngaruawahia,Stranded Travel - Petrol,Jun 2023,6
Waikato,Ngaruawahia,Stranded Travel - Petrol,Sep 2023,3
Waikato,Ngaruawahia,Stranded Travel - Petrol,Dec 2023,12
Waikato,Ngaruawahia,Stranded Travel - Petrol,Mar 2024,12
Waikato,Ngaruawahia,Stranded Travel - Petrol,Jun 2024,6
Waikato,Ngaruawahia,Stranded Travel - Petrol,Sep 2024,9
Waikato,Ngaruawahia,Stranded Travel - Petrol,Dec 2024,15
Waikato,Ngaruawahia,Stranded Travel - Petrol,Mar 2025,15
Waikato,Ngaruawahia,Stranded Travel - Petrol,Jun 2025,12
Waikato,Ngaruawahia,Stranded Travel - Petrol,Sep 2025,3
Waikato,Ngaruawahia,Stranded Travel - Petrol,Dec 2025,9
Waikato,Ngaruawahia,Stranded Travel - Petrol,Mar 2026,3
Waikato,Ngaruawahia,All hardship,Mar 2023,1140
Waikato,Ngaruawahia,All hardship,Jun 2023,783
Waikato,Ngaruawahia,All hardship,Sep 2023,825
Waikato,Ngaruawahia,All hardship,Dec 2023,1122
Waikato,Ngaruawahia,All hardship,Mar 2024,1080
Waikato,Ngaruawahia,All hardship,Jun 2024,789
Waikato,Ngaruawahia,All hardship,Sep 2024,786
Waikato,Ngaruawahia,All hardship,Dec 2024,1005
Waikato,Ngaruawahia,All hardship,Mar 2025,1068
Waikato,Ngaruawahia,All hardship,Jun 2025,969
Waikato,Ngaruawahia,All hardship,Sep 2025,909
Waikato,Ngaruawahia,All hardship,Dec 2025,864
Waikato,Ngaruawahia,All hardship,Mar 2026,789
Waikato,Paeroa,Electricity Assistance,Mar 2023,6
Waikato,Paeroa,Electricity Assistance,Jun 2023,9
Waikato,Paeroa,Electricity Assistance,Sep 2023,15
Waikato,Paeroa,Electricity Assistance,Dec 2023,15
Waikato,Paeroa,Electricity Assistance,Mar 2024,12
Waikato,Paeroa,Electricity Assistance,Jun 2024,3
Waikato,Paeroa,Electricity Assistance,Sep 2024,12
Waikato,Paeroa,Electricity Assistance,Dec 2024,6
Waikato,Paeroa,Electricity Assistance,Mar 2025,12
Waikato,Paeroa,Electricity Assistance,Jun 2025,6
Waikato,Paeroa,Electricity Assistance,Sep 2025,9
Waikato,Paeroa,Electricity Assistance,Dec 2025,15
Waikato,Paeroa,Electricity Assistance,Mar 2026,12
Waikato,Paeroa,Emergency Housing,Mar 2023,6
Waikato,Paeroa,Emergency Housing,Jun 2023,6
Waikato,Paeroa,Emergency Housing,Sep 2023,15
Waikato,Paeroa,Emergency Housing,Dec 2023,30
Waikato,Paeroa,Emergency Housing,Mar 2024,3
Waikato,Paeroa,Emergency Housing,Jun 2024,21
Waikato,Paeroa,Emergency Housing,Sep 2024,57
Waikato,Paeroa,Emergency Housing,Dec 2024,33
Waikato,Paeroa,Emergency Housing,Mar 2025,9
Waikato,Paeroa,Emergency Housing,Jun 2025,27
Waikato,Paeroa,Emergency Housing,Sep 2025,24
Waikato,Paeroa,Emergency Housing,Dec 2025,9
Waikato,Paeroa,Emergency Housing,Mar 2026,21
Waikato,Paeroa,Food,Mar 2023,102
Waikato,Paeroa,Food,Jun 2023,129
Waikato,Paeroa,Food,Sep 2023,153
Waikato,Paeroa,Food,Dec 2023,171
Waikato,Paeroa,Food,Mar 2024,144
Waikato,Paeroa,Food,Jun 2024,105
Waikato,Paeroa,Food,Sep 2024,159
Waikato,Paeroa,Food,Dec 2024,123
Waikato,Paeroa,Food,Mar 2025,117
Waikato,Paeroa,Food,Jun 2025,105
Waikato,Paeroa,Food,Sep 2025,105
Waikato,Paeroa,Food,Dec 2025,117
Waikato,Paeroa,Food,Mar 2026,147
Waikato,Paeroa,Gas Assistance,Mar 2023,0
Waikato,Paeroa,Gas Assistance,Jun 2023,3
Waikato,Paeroa,Gas Assistance,Sep 2023,0
Waikato,Paeroa,Gas Assistance,Dec 2023,0
Waikato,Paeroa,Gas Assistance,Mar 2024,3
Waikato,Paeroa,Gas Assistance,Jun 2024,3
Waikato,Paeroa,Gas Assistance,Sep 2024,3
Waikato,Paeroa,Gas Assistance,Dec 2024,3
Waikato,Paeroa,Gas Assistance,Mar 2025,0
Waikato,Paeroa,Gas Assistance,Jun 2025,0
Waikato,Paeroa,Gas Assistance,Sep 2025,0
Waikato,Paeroa,Gas Assistance,Dec 2025,0
Waikato,Paeroa,Gas Assistance,Mar 2026,0
Waikato,Paeroa,Stranded Travel - Petrol,Mar 2023,18
Waikato,Paeroa,Stranded Travel - Petrol,Jun 2023,9
Waikato,Paeroa,Stranded Travel - Petrol,Sep 2023,24
Waikato,Paeroa,Stranded Travel - Petrol,Dec 2023,12
Waikato,Paeroa,Stranded Travel - Petrol,Mar 2024,33
Waikato,Paeroa,Stranded Travel - Petrol,Jun 2024,21
Waikato,Paeroa,Stranded Travel - Petrol,Sep 2024,24
Waikato,Paeroa,Stranded Travel - Petrol,Dec 2024,18
Waikato,Paeroa,Stranded Travel - Petrol,Mar 2025,15
Waikato,Paeroa,Stranded Travel - Petrol,Jun 2025,12
Waikato,Paeroa,Stranded Travel - Petrol,Sep 2025,15
Waikato,Paeroa,Stranded Travel - Petrol,Dec 2025,15
Waikato,Paeroa,Stranded Travel - Petrol,Mar 2026,33
Waikato,Paeroa,All hardship,Mar 2023,444
Waikato,Paeroa,All hardship,Jun 2023,585
Waikato,Paeroa,All hardship,Sep 2023,633
Waikato,Paeroa,All hardship,Dec 2023,618
Waikato,Paeroa,All hardship,Mar 2024,528
Waikato,Paeroa,All hardship,Jun 2024,417
Waikato,Paeroa,All hardship,Sep 2024,594
Waikato,Paeroa,All hardship,Dec 2024,447
Waikato,Paeroa,All hardship,Mar 2025,354
Waikato,Paeroa,All hardship,Jun 2025,378
Waikato,Paeroa,All hardship,Sep 2025,399
Waikato,Paeroa,All hardship,Dec 2025,471
Waikato,Paeroa,All hardship,Mar 2026,591
Waikato,Te Awamutu,Electricity Assistance,Mar 2023,15
Waikato,Te Awamutu,Electricity Assistance,Jun 2023,15
Waikato,Te Awamutu,Electricity Assistance,Sep 2023,30
Waikato,Te Awamutu,Electricity Assistance,Dec 2023,18
Waikato,Te Awamutu,Electricity Assistance,Mar 2024,27
Waikato,Te Awamutu,Electricity Assistance,Jun 2024,15
Waikato,Te Awamutu,Electricity Assistance,Sep 2024,24
Waikato,Te Awamutu,Electricity Assistance,Dec 2024,15
Waikato,Te Awamutu,Electricity Assistance,Mar 2025,15
Waikato,Te Awamutu,Electricity Assistance,Jun 2025,6
Waikato,Te Awamutu,Electricity Assistance,Sep 2025,21
Waikato,Te Awamutu,Electricity Assistance,Dec 2025,12
Waikato,Te Awamutu,Electricity Assistance,Mar 2026,15
Waikato,Te Awamutu,Emergency Housing,Mar 2023,192
Waikato,Te Awamutu,Emergency Housing,Jun 2023,108
Waikato,Te Awamutu,Emergency Housing,Sep 2023,60
Waikato,Te Awamutu,Emergency Housing,Dec 2023,42
Waikato,Te Awamutu,Emergency Housing,Mar 2024,12
Waikato,Te Awamutu,Emergency Housing,Jun 2024,15
Waikato,Te Awamutu,Emergency Housing,Sep 2024,6
Waikato,Te Awamutu,Emergency Housing,Dec 2024,9
Waikato,Te Awamutu,Emergency Housing,Mar 2025,3
Waikato,Te Awamutu,Emergency Housing,Jun 2025,3
Waikato,Te Awamutu,Emergency Housing,Sep 2025,6
Waikato,Te Awamutu,Emergency Housing,Dec 2025,6
Waikato,Te Awamutu,Emergency Housing,Mar 2026,3
Waikato,Te Awamutu,Food,Mar 2023,561
Waikato,Te Awamutu,Food,Jun 2023,411
Waikato,Te Awamutu,Food,Sep 2023,354
Waikato,Te Awamutu,Food,Dec 2023,363
Waikato,Te Awamutu,Food,Mar 2024,324
Waikato,Te Awamutu,Food,Jun 2024,273
Waikato,Te Awamutu,Food,Sep 2024,297
Waikato,Te Awamutu,Food,Dec 2024,312
Waikato,Te Awamutu,Food,Mar 2025,381
Waikato,Te Awamutu,Food,Jun 2025,201
Waikato,Te Awamutu,Food,Sep 2025,219
Waikato,Te Awamutu,Food,Dec 2025,219
Waikato,Te Awamutu,Food,Mar 2026,195
Waikato,Te Awamutu,Gas Assistance,Mar 2023,3
Waikato,Te Awamutu,Gas Assistance,Jun 2023,3
Waikato,Te Awamutu,Gas Assistance,Sep 2023,0
Waikato,Te Awamutu,Gas Assistance,Dec 2023,0
Waikato,Te Awamutu,Gas Assistance,Mar 2024,0
Waikato,Te Awamutu,Gas Assistance,Jun 2024,0
Waikato,Te Awamutu,Gas Assistance,Sep 2024,3
Waikato,Te Awamutu,Gas Assistance,Dec 2024,0
Waikato,Te Awamutu,Gas Assistance,Mar 2025,0
Waikato,Te Awamutu,Gas Assistance,Jun 2025,3
Waikato,Te Awamutu,Gas Assistance,Sep 2025,3
Waikato,Te Awamutu,Gas Assistance,Dec 2025,0
Waikato,Te Awamutu,Gas Assistance,Mar 2026,0
Waikato,Te Awamutu,Stranded Travel - Petrol,Mar 2023,21
Waikato,Te Awamutu,Stranded Travel - Petrol,Jun 2023,12
Waikato,Te Awamutu,Stranded Travel - Petrol,Sep 2023,12
Waikato,Te Awamutu,Stranded Travel - Petrol,Dec 2023,12
Waikato,Te Awamutu,Stranded Travel - Petrol,Mar 2024,9
Waikato,Te Awamutu,Stranded Travel - Petrol,Jun 2024,18
Waikato,Te Awamutu,Stranded Travel - Petrol,Sep 2024,12
Waikato,Te Awamutu,Stranded Travel - Petrol,Dec 2024,12
Waikato,Te Awamutu,Stranded Travel - Petrol,Mar 2025,12
Waikato,Te Awamutu,Stranded Travel - Petrol,Jun 2025,3
Waikato,Te Awamutu,Stranded Travel - Petrol,Sep 2025,3
Waikato,Te Awamutu,Stranded Travel - Petrol,Dec 2025,3
Waikato,Te Awamutu,Stranded Travel - Petrol,Mar 2026,9
Waikato,Te Awamutu,All hardship,Mar 2023,1902
Waikato,Te Awamutu,All hardship,Jun 2023,1437
Waikato,Te Awamutu,All hardship,Sep 2023,1203
Waikato,Te Awamutu,All hardship,Dec 2023,1182
Waikato,Te Awamutu,All hardship,Mar 2024,1134
Waikato,Te Awamutu,All hardship,Jun 2024,1041
Waikato,Te Awamutu,All hardship,Sep 2024,1095
Waikato,Te Awamutu,All hardship,Dec 2024,1041
Waikato,Te Awamutu,All hardship,Mar 2025,1380
Waikato,Te Awamutu,All hardship,Jun 2025,807
Waikato,Te Awamutu,All hardship,Sep 2025,927
Waikato,Te Awamutu,All hardship,Dec 2025,849
Waikato,Te Awamutu,All hardship,Mar 2026,930
Waikato,Thames,Electricity Assistance,Mar 2023,9
Waikato,Thames,Electricity Assistance,Jun 2023,9
Waikato,Thames,Electricity Assistance,Sep 2023,9
Waikato,Thames,Electricity Assistance,Dec 2023,6
Waikato,Thames,Electricity Assistance,Mar 2024,6
Waikato,Thames,Electricity Assistance,Jun 2024,3
Waikato,Thames,Electricity Assistance,Sep 2024,6
Waikato,Thames,Electricity Assistance,Dec 2024,6
Waikato,Thames,Electricity Assistance,Mar 2025,3
Waikato,Thames,Electricity Assistance,Jun 2025,6
Waikato,Thames,Electricity Assistance,Sep 2025,12
Waikato,Thames,Electricity Assistance,Dec 2025,9
Waikato,Thames,Electricity Assistance,Mar 2026,6
Waikato,Thames,Emergency Housing,Mar 2023,6
Waikato,Thames,Emergency Housing,Jun 2023,6
Waikato,Thames,Emergency Housing,Sep 2023,6
Waikato,Thames,Emergency Housing,Dec 2023,6
Waikato,Thames,Emergency Housing,Mar 2024,9
Waikato,Thames,Emergency Housing,Jun 2024,3
Waikato,Thames,Emergency Housing,Sep 2024,6
Waikato,Thames,Emergency Housing,Dec 2024,3
Waikato,Thames,Emergency Housing,Mar 2025,0
Waikato,Thames,Emergency Housing,Jun 2025,3
Waikato,Thames,Emergency Housing,Sep 2025,6
Waikato,Thames,Emergency Housing,Dec 2025,3
Waikato,Thames,Emergency Housing,Mar 2026,0
Waikato,Thames,Food,Mar 2023,315
Waikato,Thames,Food,Jun 2023,228
Waikato,Thames,Food,Sep 2023,228
Waikato,Thames,Food,Dec 2023,159
Waikato,Thames,Food,Mar 2024,162
Waikato,Thames,Food,Jun 2024,75
Waikato,Thames,Food,Sep 2024,81
Waikato,Thames,Food,Dec 2024,63
Waikato,Thames,Food,Mar 2025,69
Waikato,Thames,Food,Jun 2025,69
Waikato,Thames,Food,Sep 2025,81
Waikato,Thames,Food,Dec 2025,78
Waikato,Thames,Food,Mar 2026,57
Waikato,Thames,Gas Assistance,Mar 2023,0
Waikato,Thames,Gas Assistance,Jun 2023,0
Waikato,Thames,Gas Assistance,Sep 2023,0
Waikato,Thames,Gas Assistance,Dec 2023,0
Waikato,Thames,Gas Assistance,Mar 2024,0
Waikato,Thames,Gas Assistance,Jun 2024,0
Waikato,Thames,Gas Assistance,Sep 2024,0
Waikato,Thames,Gas Assistance,Dec 2024,3
Waikato,Thames,Gas Assistance,Mar 2025,0
Waikato,Thames,Gas Assistance,Jun 2025,0
Waikato,Thames,Gas Assistance,Sep 2025,0
Waikato,Thames,Gas Assistance,Dec 2025,0
Waikato,Thames,Gas Assistance,Mar 2026,0
Waikato,Thames,Stranded Travel - Petrol,Mar 2023,3
Waikato,Thames,Stranded Travel - Petrol,Jun 2023,0
Waikato,Thames,Stranded Travel - Petrol,Sep 2023,3
Waikato,Thames,Stranded Travel - Petrol,Dec 2023,3
Waikato,Thames,Stranded Travel - Petrol,Mar 2024,3
Waikato,Thames,Stranded Travel - Petrol,Jun 2024,3
Waikato,Thames,Stranded Travel - Petrol,Sep 2024,3
Waikato,Thames,Stranded Travel - Petrol,Dec 2024,3
Waikato,Thames,Stranded Travel - Petrol,Mar 2025,0
Waikato,Thames,Stranded Travel - Petrol,Jun 2025,3
Waikato,Thames,Stranded Travel - Petrol,Sep 2025,3
Waikato,Thames,Stranded Travel - Petrol,Dec 2025,3
Waikato,Thames,Stranded Travel - Petrol,Mar 2026,3
Waikato,Thames,All hardship,Mar 2023,1068
Waikato,Thames,All hardship,Jun 2023,834
Waikato,Thames,All hardship,Sep 2023,915
Waikato,Thames,All hardship,Dec 2023,552
Waikato,Thames,All hardship,Mar 2024,507
Waikato,Thames,All hardship,Jun 2024,342
Waikato,Thames,All hardship,Sep 2024,351
Waikato,Thames,All hardship,Dec 2024,309
Waikato,Thames,All hardship,Mar 2025,312
Waikato,Thames,All hardship,Jun 2025,354
Waikato,Thames,All hardship,Sep 2025,372
Waikato,Thames,All hardship,Dec 2025,297
Waikato,Thames,All hardship,Mar 2026,297
Waikato,Waihi,Electricity Assistance,Mar 2023,21
Waikato,Waihi,Electricity Assistance,Jun 2023,6
Waikato,Waihi,Electricity Assistance,Sep 2023,6
Waikato,Waihi,Electricity Assistance,Dec 2023,12
Waikato,Waihi,Electricity Assistance,Mar 2024,12
Waikato,Waihi,Electricity Assistance,Jun 2024,3
Waikato,Waihi,Electricity Assistance,Sep 2024,3
Waikato,Waihi,Electricity Assistance,Dec 2024,3
Waikato,Waihi,Electricity Assistance,Mar 2025,3
Waikato,Waihi,Electricity Assistance,Jun 2025,6
Waikato,Waihi,Electricity Assistance,Sep 2025,3
Waikato,Waihi,Electricity Assistance,Dec 2025,3
Waikato,Waihi,Electricity Assistance,Mar 2026,3
Waikato,Waihi,Emergency Housing,Mar 2023,144
Waikato,Waihi,Emergency Housing,Jun 2023,108
Waikato,Waihi,Emergency Housing,Sep 2023,93
Waikato,Waihi,Emergency Housing,Dec 2023,84
Waikato,Waihi,Emergency Housing,Mar 2024,48
Waikato,Waihi,Emergency Housing,Jun 2024,21
Waikato,Waihi,Emergency Housing,Sep 2024,0
Waikato,Waihi,Emergency Housing,Dec 2024,3
Waikato,Waihi,Emergency Housing,Mar 2025,0
Waikato,Waihi,Emergency Housing,Jun 2025,3
Waikato,Waihi,Emergency Housing,Sep 2025,0
Waikato,Waihi,Emergency Housing,Dec 2025,0
Waikato,Waihi,Emergency Housing,Mar 2026,0
Waikato,Waihi,Food,Mar 2023,171
Waikato,Waihi,Food,Jun 2023,123
Waikato,Waihi,Food,Sep 2023,123
Waikato,Waihi,Food,Dec 2023,102
Waikato,Waihi,Food,Mar 2024,99
Waikato,Waihi,Food,Jun 2024,69
Waikato,Waihi,Food,Sep 2024,54
Waikato,Waihi,Food,Dec 2024,69
Waikato,Waihi,Food,Mar 2025,84
Waikato,Waihi,Food,Jun 2025,78
Waikato,Waihi,Food,Sep 2025,69
Waikato,Waihi,Food,Dec 2025,57
Waikato,Waihi,Food,Mar 2026,69
Waikato,Waihi,Gas Assistance,Mar 2023,0
Waikato,Waihi,Gas Assistance,Jun 2023,3
Waikato,Waihi,Gas Assistance,Sep 2023,3
Waikato,Waihi,Gas Assistance,Dec 2023,0
Waikato,Waihi,Gas Assistance,Mar 2024,0
Waikato,Waihi,Gas Assistance,Jun 2024,0
Waikato,Waihi,Gas Assistance,Sep 2024,0
Waikato,Waihi,Gas Assistance,Dec 2024,0
Waikato,Waihi,Gas Assistance,Mar 2025,0
Waikato,Waihi,Gas Assistance,Jun 2025,0
Waikato,Waihi,Gas Assistance,Sep 2025,3
Waikato,Waihi,Gas Assistance,Dec 2025,0
Waikato,Waihi,Gas Assistance,Mar 2026,0
Waikato,Waihi,Stranded Travel - Petrol,Mar 2023,9
Waikato,Waihi,Stranded Travel - Petrol,Jun 2023,6
Waikato,Waihi,Stranded Travel - Petrol,Sep 2023,3
Waikato,Waihi,Stranded Travel - Petrol,Dec 2023,3
Waikato,Waihi,Stranded Travel - Petrol,Mar 2024,3
Waikato,Waihi,Stranded Travel - Petrol,Jun 2024,6
Waikato,Waihi,Stranded Travel - Petrol,Sep 2024,3
Waikato,Waihi,Stranded Travel - Petrol,Dec 2024,3
Waikato,Waihi,Stranded Travel - Petrol,Mar 2025,3
Waikato,Waihi,Stranded Travel - Petrol,Jun 2025,3
Waikato,Waihi,Stranded Travel - Petrol,Sep 2025,3
Waikato,Waihi,Stranded Travel - Petrol,Dec 2025,3
Waikato,Waihi,Stranded Travel - Petrol,Mar 2026,3
Waikato,Waihi,All hardship,Mar 2023,1071
Waikato,Waihi,All hardship,Jun 2023,810
Waikato,Waihi,All hardship,Sep 2023,648
Waikato,Waihi,All hardship,Dec 2023,600
Waikato,Waihi,All hardship,Mar 2024,480
Waikato,Waihi,All hardship,Jun 2024,408
Waikato,Waihi,All hardship,Sep 2024,270
Waikato,Waihi,All hardship,Dec 2024,315
Waikato,Waihi,All hardship,Mar 2025,420
Waikato,Waihi,All hardship,Jun 2025,402
Waikato,Waihi,All hardship,Sep 2025,312
Waikato,Waihi,All hardship,Dec 2025,270
Waikato,Waihi,All hardship,Mar 2026,303
